452 Phạm Văn Đồng, Xã Núi Thành,	452 Pham Van Dong, Nui Thanh Commune,
Thành phố Đà Nẵng	Da Nang City, Vietnam
Bao bì	Packaging
Bao bì & hồ sơ	Packaging & documentation
Bảo quản & đóng gói	Storage & packaging
CHUẨN BỊ QUA	PREPARED
CHUẨN BỊ TRƯỚC KHI LIÊN HỆ	BEFORE YOU CONTACT US
CHUẨN BỊ XUẤT XƯỞNG	READY FOR DISPATCH
CHẤT LƯỢNG & QUY CÁCH	QUALITY & SPECIFICATIONS
CHẤT LƯỢNG XUYÊN SUỐT	QUALITY AT EVERY STAGE
BẢO QUẢN THÀNH PHẨM	FINISHED PRODUCT STORAGE
Bạn cần mặt hàng nào?	Which product do you need?
Bạn dự kiến đặt bao nhiêu?	What quantity are you planning to order?
Chuẩn bị giao hàng	Preparing for delivery
Chuẩn bị giao hàng thủy sản	Preparing seafood for delivery
Chuẩn bị lô hàng thủy sản	Preparing a seafood shipment
Chuẩn bị tốt cho lần trao đổi đầu tiên	Make your first inquiry count
Chuẩn bị yêu cầu	Prepare your inquiry
Chuẩn bị đơn hàng thủy sản	Preparing seafood orders
Chú trọng chất lượng	A focus on quality
Chú trọng độ tươi	Preserving freshness
Chưa biết chính xác quy cách, tôi có thể liên hệ không?	Can I contact you before I know the exact specifications?
Chọn dòng sản phẩm	Choose a product range
Chọn hình ảnh	Choose an image
Chọn mặt hàng / khác	Select a product / other
CÔNG ĐOẠN 01	STAGE 01
CÔNG ĐOẠN 02	STAGE 02
CÔNG ĐOẠN 03	STAGE 03
Cá ngừ	Tuna
Cá nục, bạc má & cá sòng	Scad & mackerel
Các dòng sản phẩm – hình ảnh thực tế	Product ranges — actual product photos
Các loại cá khác	Other fish
Các sản phẩm liên quan	Related products
Cách chúng tôi làm việc	How we work
Có thể hỏi hàng theo quy cách riêng không?	Can I inquire about custom specifications?
Cùng kết nối cơ hội thủy sản	Connecting seafood opportunities
Cần chuẩn bị gì khi hỏi mua thủy sản?	What to include in a seafood inquiry
Cần trao đổi gì về hồ sơ và chất lượng?	What should we discuss about documentation and quality?
DANH MỤC	PRODUCT CATALOG
Danh mục sản phẩm	Product catalog
Dành cho bên cung ứng	For suppliers
Dành cho bên mua	For buyers
Dạng hàng	Product form
Dạng hàng & xử lý	Product form & processing
Dạng sản phẩm	Product form
Email hoặc số điện thoại *	Email or phone number *
GIAO DỊCH THEO NHU CẦU	TAILORED TRADE DISCUSSIONS
GIẢI ĐÁP	COMMON QUESTIONS
Giao nhận & thương mại	Delivery & commercial terms
Giá và thanh toán	Pricing and payment
Giới thiệu	About us
Giới thiệu mặt hàng	Introducing our range
Giới thiệu nguồn hàng	Introduce your supply
Giới thiệu sản phẩm	Product introductions
Gặp gỡ tại hội chợ ngành thủy sản	Meeting at an industry exhibition
Gặp gỡ tại triển lãm	Meeting at an exhibition
Gặp gỡ và trao đổi tại các gian hàng.	Meetings and discussions at exhibition booths.
Gặp gỡ đối tác tại triển lãm	Meeting partners at exhibitions
Gọi trao đổi	Call us
Gửi email	Email us
Gửi nhu cầu	Send your requirements
Gửi nhu cầu mua	Send a buying inquiry
Gửi yêu cầu hoặc gọi 0235 356 5568 để trao đổi.	Send an inquiry or call +84 235 356 5568 to discuss your needs.
Gửi yêu cầu hợp tác	Discuss a partnership
Gửi yêu cầu rõ ràng	Share clear requirements
Gửi yêu cầu thủy sản	Send a seafood inquiry
HOẠT ĐỘNG	ACTIVITIES
Hiểu đúng nhu cầu	Understand your requirements
Hoạt động	Activities
Hoạt động kết nối của MAI KỲ HÀ	MAI KỲ HÀ partnership activities
Hoạt động kết nối tại hội chợ	Networking at an exhibition
Hoạt động thực tế	Our activities
Hoạt động tại hội chợ	Exhibition activities
HÀNG HÓA ĐƯỢC	OUR PRODUCTS,
HÌNH ẢNH HÀNG HÓA THỰC TẾ	ACTUAL PRODUCT PHOTOS
Hàng hóa & chất lượng	Products & quality
Hàng sẽ giao ở đâu?	Where will the goods be delivered?
Hàng thành phẩm trong kho	Finished products in storage
Hàng đóng vào container	Loading goods into a container
Hình ảnh có thay thế được thông tin quy cách không?	Can photos replace written specifications?
Hình ảnh hoạt động thực tế	Photos of our operations
Hình ảnh hoạt động thực tế của MAI KỲ HÀ.	Photos from MAI KỲ HÀ's activities.
Hình ảnh sản phẩm cá ngừ thực tế	Actual tuna product photos
Hình ảnh thủy sản	Seafood photos
Hình ảnh tại THAIFEX – Anuga Asia	Photos from THAIFEX – Anuga Asia
Hình ảnh từ công việc thực tế	Our work in pictures
HƯỚNG DẪN HỎI HÀNG	BUYER'S GUIDE
Hướng dẫn chuẩn bị thông tin khi trao đổi với MAI KỲ HÀ.	A guide to preparing your inquiry with MAI KỲ HÀ.
Họ và tên *	Full name *
Hỏi về sản phẩm này	Inquire about this product
Hồ sơ đi kèm	Supporting documents
Hội chợ ngành thủy sản	Seafood industry exhibition
HỢP TÁC KINH DOANH	BUSINESS PARTNERSHIPS
Hợp tác khác	Other partnership opportunities
KHÁM PHÁ THÊM	EXPLORE MORE
KIẾN THỨC	RESOURCES
Khu vực xử lý sản phẩm	Product processing area
Khám phá sản phẩm	Explore our products
Khối lượng	Quantity
Khối lượng dự kiến	Estimated quantity
Khối lượng và lịch giao	Quantity and delivery schedule
Kiến thức	Resources
Kiểm tra cách ghi đơn vị	Specify your units clearly
Kiểm tra trước giao	Pre-delivery checks
Kích cỡ & đóng gói	Size & packaging
Kích cỡ và đơn vị	Size and units
KẾT NỐI & PHỐI HỢP	CONNECTION & COORDINATION
KẾT NỐI CÙNG CHÚNG TÔI	CONNECT WITH US
KẾT NỐI DOANH NGHIỆP	BUSINESS CONNECTIONS
KẾT NỐI NGÀNH THỦY SẢN	CONNECTING THE SEAFOOD INDUSTRY
KẾT NỐI ĐẠI DƯƠNG, PHỦ SÓNG TOÀN CẦU	CONNECTING OCEANS, REACHING THE WORLD
KẾT NỐI ĐỐI TÁC	PARTNER CONNECTIONS
Kết nối lâu dài	Long-term connections
Kết nối qua nhu cầu thực tế	Connections built on real needs
Kết nối sau hội chợ	Staying connected after the exhibition
Kết nối đại dương,	Connecting oceans,
phủ sóng toàn cầu	reaching the world
LIÊN HỆ	CONTACT
Liên hệ	Contact
Logo MAI KỲ HÀ	MAI KỲ HÀ logo
Làm rõ quy cách	Clarify specifications
Làm rõ quy cách và đóng gói khi hỏi hàng	Clarifying product and packaging specifications
Làm thế nào để nhận thông tin giá và lịch giao?	How can I request pricing and delivery information?
Lô hàng chuẩn bị xuất xưởng	A shipment being prepared for dispatch
Lưu kho thành phẩm	Finished product storage
Lắng nghe yêu cầu	Listening to your requirements
Lịch và điểm giao	Delivery schedule and destination
Lọc sản phẩm	Filter products
LỰA CHỌN PHÙ HỢP	FIND THE RIGHT PRODUCT
MAI KỲ HÀ tại THAIFEX – Anuga Asia	MAI KỲ HÀ at THAIFEX – Anuga Asia
Mô tả quy cách	Describe the specifications
Mẫu thông tin hỏi hàng	A sample inquiry outline
Mỗi cuộc gặp mở ra cơ hội tìm hiểu sản phẩm và cách làm việc của các bên.	Every meeting is an opportunity to learn about products and how potential partners work.
Một phương án phù hợp bắt đầu từ thông tin đầy đủ	The right solution starts with clear information
Mở rộng cơ hội từ những cuộc gặp trực tiếp	Opening opportunities through face-to-face meetings
Mực	Squid
Nguồn gốc & chứng từ	Origin & documentation
Nhu cầu	Inquiry type
Nhìn gần hơn vào hàng hóa	A closer look at our products
Những nội dung cần thống nhất trước khi giao dịch	What to agree on before a transaction
Những nội dung trong mỗi cuộc trao đổi	What we discuss with partners
NĂNG LỰC	CAPABILITIES
NĂNG LỰC THỰC TẾ	OUR OPERATIONS
Năng lực	Capabilities
Năng lực thực tế	Our operations
NỘI DUNG BÀI VIẾT	IN THIS GUIDE
NỘI DUNG CẦN THỐNG NHẤT	POINTS TO AGREE ON
Nội dung để sao chép	Text to copy
Phối hợp thực hiện	Coordinate execution
Phối hợp triển khai	Coordinate the order
Quy cách xử lý	Processing specifications
Quy cách, thời gian và yêu cầu khác *	Specifications, timing and other requirements *
Rõ từng yêu cầu	Clarify every requirement
Sao chép nội dung	Copy inquiry
Soạn email yêu cầu	Prepare inquiry email
SẢN PHẨM	PRODUCTS
SẢN PHẨM THỦY SẢN	SEAFOOD PRODUCTS
Sản phẩm	Product
Sản phẩm cá chẽm thực tế	Actual barramundi products
Sản phẩm cá ngừ thực tế	Actual tuna products
THÔNG TIN HỮU ÍCH	USEFUL RESOURCES
TRAO ĐỔI TẠI TRIỂN LÃM	EXHIBITION DISCUSSIONS
Tham gia hội chợ	Exhibitions
Theo nhu cầu và khả năng cung ứng	Subject to requirements and availability
Thành phẩm của công ty	Company product inventory
Thông tin cần xác nhận	Details to confirm
Thông tin hàng hóa	Product information
Thông tin liên hệ	Contact details
Thông tin lô hàng	Shipment information
Thông tin sản phẩm, khối lượng và điểm giao.	Product details, quantity and delivery destination.
Thông tin trước khi hợp tác	Before we work together
Thư viện hình ảnh	Photo gallery
Thương mại & XNK	Trading & Import-Export
Thương mại & xuất nhập khẩu	Trading & Import-Export
Thương mại & xuất nhập khẩu thủy sản	Seafood trading, import and export
Thương mại và xuất nhập khẩu thủy sản	Seafood trading, import and export
Thống nhất điều kiện	Agree on terms
Thực hiện theo các nội dung đã thống nhất.	Proceed according to the agreed terms.
Tiếp nối hợp tác	Continue the conversation
Trang chủ	Home
Trao đổi mặt hàng cá ngân đuôi vàng	Discuss your yellow tail requirements
Trao đổi nhu cầu cá bạc má	Discuss your Indian mackerel requirements
Trao đổi nhu cầu cá ngừ ồ	Discuss your bullet tuna requirements
Trao đổi nhu cầu thủy sản	Let's discuss your seafood needs
Trao đổi phương án	Discuss your requirements
Trao đổi rõ ràng,	Clear communication,
Trao đổi theo dạng sản phẩm	To be discussed for the product form
Trao đổi theo yêu cầu đơn hàng	To be discussed for each order
Trao đổi đúng quy cách cá tráo mắt to	Clarify your bigeye scad specifications
Tên doanh nghiệp *	Company name *
Tên mặt hàng	Product name
Tìm hiểu danh mục sản phẩm →	Explore the product catalog →
Tìm hiểu mặt hàng cá chim đen	Explore our black pomfret range
Tìm hiểu năng lực →	Explore our capabilities →
Tìm hiểu thị trường	Understanding the market
Tìm mua thủy sản	Buying seafood
Tất cả	All products
Tập trung vào thủy sản	Focused on seafood
TỪ SẢN PHẨM ĐẾN ĐỐI TÁC	FROM PRODUCTS TO PARTNERS
TỪNG CÔNG ĐOẠN	AT EVERY STAGE
Từ tên mặt hàng	From a product name
Từ xử lý đến chuẩn bị giao hàng	From processing to dispatch
Từ xử lý, lưu kho đến đóng hàng.	From processing and storage to loading.
Từ yêu cầu đến phương án giao dịch	From inquiry to a trading plan
Vui lòng bật JavaScript để soạn yêu cầu hoặc gửi email trực tiếp đến	Please enable JavaScript to prepare an inquiry, or email us directly at
Ví dụ: khối lượng và đơn vị	For example: quantity and unit
VỀ CHÚNG TÔI	ABOUT US
Xem chi tiết	View details
Xem các hướng dẫn khác	Browse more guides
Xem hoạt động	View activities
Xem hàng xuất xưởng	View goods ready for dispatch
Xem hình ảnh chi tiết	View detailed photos
Xem hình ảnh hội chợ	View exhibition photos
Xem kho thành phẩm	View finished product storage
Xem sản phẩm thủy sản	View seafood products
Xem sản phẩm →	View product →
Xem toàn bộ danh mục →	Browse the full catalog →
Xác nhận khi hỏi hàng	Confirm when inquiring
Xác nhận theo lô hàng	Confirm for each shipment
Xác nhận trước khi chốt	Confirm before ordering
Xác định mặt hàng	Identify the product
XỬ LÝ · LƯU KHO · ĐÓNG HÀNG	PROCESSING · STORAGE · LOADING
Xử lý và chuẩn bị sản phẩm	Product processing and preparation
hợp tác theo nhu cầu thực tế	partnerships built around your needs
qua từng công đoạn	at every stage
trước khi triển khai	before proceeding
© MAI KỲ HÀ · Thủy sản Việt Nam	© MAI KỲ HÀ · Vietnam Seafood
ÁP DỤNG KHI HỎI HÀNG	PUT THIS INTO PRACTICE
Điều hướng chính	Main navigation
Điều kiện bảo quản	Storage conditions
ĐÀ NẴNG · VIỆT NAM	DA NANG · VIETNAM
Đóng hàng và giao nhận	Loading and delivery
Đóng ảnh	Close image
Đường dẫn	Breadcrumbs
Đến nội dung	Skip to content
Để cuộc trao đổi	Make the conversation
ĐỊNH HƯỚNG HỢP TÁC	OUR PARTNERSHIP APPROACH
Địa chỉ công ty	Company address
Địa điểm giao	Delivery destination
Đọc bài →	Read guide →
Đối chiếu trước khi xác nhận	Review before confirming
Đối chiếu đúng mặt hàng cá liệt chỉ vàng	Identify the right striped pony fish product
đi thẳng vào nhu cầu	focus on your needs
đến quy cách bạn cần	to the specifications you need
Ảnh tiếp	Next photo
Ảnh trước	Previous photo
← Danh mục sản phẩm	← Back to product catalog
Cá chẽm trong danh mục MAI KỲ HÀ	Barramundi from MAI KỲ HÀ
Cá bánh lái trắng trong danh mục	Our moon fish range
Cá ngừ vây vàng — xác định rõ nhu cầu	Yellowfin tuna — define your requirements
Cá nục gai cắt đầu cho nhu cầu nguyên liệu	Head-cut scad for processing requirements
Cá rô phi — thông tin cho đơn hàng	Tilapia — details for your order
Cá sòng — chuẩn bị yêu cầu mua hàng	Horse mackerel — prepare your inquiry
Lựa chọn đúng dòng cá nục đuôi đỏ	Choose the right redtail scad product
Mực xà đen — hình ảnh và yêu cầu hỏi hàng	Black squid — photos and inquiry details
Biểu mẫu giúp soạn nội dung email. Bạn sẽ kiểm tra và gửi trong ứng dụng email của mình.	This form prepares an email draft. You will review and send it in your own email application.
Báo giá, lịch thực hiện và trách nhiệm của mỗi bên.	Pricing, implementation schedule and each party's responsibilities.
Bạn có thể gửi dạng xử lý, kích cỡ, khối lượng mỗi kiện và yêu cầu nhãn. MAI KỲ HÀ sẽ trao đổi khả năng đáp ứng cho từng mặt hàng, từng lô hàng.	You can share processing requirements, sizes, pack weights and labeling needs. MAI KỲ HÀ will discuss availability for each product and shipment.
Bạn có thể gửi những thông tin đã có; các chi tiết còn lại sẽ được làm rõ trong quá trình trao đổi.	Send the information you already have; we can clarify the remaining details together.
Bạn có thể tham khảo các ảnh thực tế bên dưới để nhận diện mặt hàng. Vui lòng bổ sung kích cỡ mong muốn, dạng xử lý, khối lượng mỗi kiện và địa điểm giao khi hỏi mua.	Use the actual photos below to identify the product. Include your preferred size, processing requirements, pack weight and delivery destination in your inquiry.
Bạn có ảnh tham khảo hoặc tài liệu quy cách? Hãy đính kèm trong email sau khi mở nội dung yêu cầu.	Have reference photos or a specification sheet? Attach them in your email application after opening the inquiry draft.
Chia sẻ danh mục và hình ảnh hàng hóa phù hợp với nhu cầu quan tâm.	Sharing product ranges and photos relevant to your requirements.
Chia sẻ mặt hàng, quy cách và thị trường bạn hướng đến để cùng trao đổi phương án hợp tác.	Tell us which products, specifications and markets you are interested in, so we can discuss a suitable partnership.
Cho biết sản lượng dự kiến, nhu cầu một lần hay định kỳ, điểm giao và thời gian cần hàng.	Include your estimated volume, whether this is a one-off or recurring requirement, the destination and the required delivery date.
Chất lượng thành phẩm gắn liền với cách xử lý, điều kiện lưu giữ và phối hợp giao nhận. Yêu cầu cụ thể được làm rõ theo dạng hàng.	Finished product quality depends on processing, storage conditions and delivery coordination. Specific requirements are clarified for each product form.
Chọn “Hỏi về sản phẩm này” để mở biểu mẫu có sẵn tên mặt hàng. Bạn chỉ cần bổ sung quy cách và nhu cầu giao hàng.	Select “Inquire about this product” to open a form with the product already selected. Then add your specifications and delivery requirements.
Cung cấp kích cỡ, dạng hàng, khối lượng và quy cách đóng kiện mong muốn. Với nhu cầu định kỳ, bạn có thể nêu tần suất dự kiến để hai bên trao đổi kế hoạch phù hợp.	Provide your preferred size, product form, quantity and packing requirements. For recurring orders, include the expected frequency so we can discuss a suitable plan.
Cung cấp tên doanh nghiệp, người phụ trách và email hoặc số điện thoại để thuận tiện trao đổi.	Provide your company name, contact person and email or phone number to make follow-up easier.
Các hoạt động hội chợ là dịp giới thiệu sản phẩm, tìm hiểu nhu cầu thị trường và trao đổi cơ hội hợp tác với doanh nghiệp trong ngành.	Exhibitions offer an opportunity to introduce products, understand market needs and discuss partnerships with other businesses in the industry.
Các hướng dẫn ngắn giúp bạn mô tả nhu cầu mua bán thủy sản rõ ràng hơn.	Short guides to help you communicate your seafood buying and selling requirements clearly.
Các nội dung dưới đây được trao đổi cho từng giao dịch, theo mặt hàng và thị trường dự kiến.	These points are discussed for each transaction, based on the product and intended market.
Có. Hãy gửi tên mặt hàng, mục đích sử dụng hoặc ảnh tham khảo và khối lượng dự kiến. Những thông tin còn thiếu có thể tiếp tục làm rõ trong quá trình trao đổi.	Yes. Send the product name, intended use or reference photos, and your estimated quantity. We can clarify the missing details during our discussions.
Danh mục cá và mực phục vụ nhu cầu thương mại, phân phối và nguyên liệu. Mặt hàng, dạng xử lý và đóng gói được trao đổi theo đơn hàng.	Our fish and squid range serves trading, distribution and processing needs. Product form, processing and packaging are discussed for each order.
Danh mục gồm các dòng cá ngừ, cá nục, cá bạc má, cá sòng, các loại cá khác và mực xà đen.	Our range includes tuna, scad, Indian mackerel, horse mackerel, other fish and black squid.
Danh mục sử dụng cả tên cá nục suôn và cá nục dài cho mặt hàng này. Khi hỏi hàng, hãy kèm tên trong danh mục hoặc ảnh tham khảo để tránh nhầm lẫn với các dòng cá nục khác.	This product is listed as layang scad, known locally by two names. Include the catalog name or a reference photo in your inquiry to distinguish it from other scad products.
Dù tìm mua một mặt hàng cụ thể hay giới thiệu nguồn cung, đối tác có thể gửi yêu cầu để cùng làm rõ sản phẩm, điều kiện giao nhận và phạm vi phối hợp.	Whether you are seeking a specific product or introducing a source of supply, send an inquiry so we can clarify product details, delivery terms and the scope of cooperation.
Ghi nhận thông tin cần làm rõ và kết nối đầu mối để trao đổi chi tiết.	Identifying points that need clarification and connecting the right contacts for further discussion.
Ghi rõ cá ngừ vây vàng để phân biệt với cá ngừ ồ trong danh mục. Dạng xử lý, kích cỡ, yêu cầu chất lượng và quy cách đóng gói được trao đổi theo mục đích sử dụng của đối tác.	Specify yellowfin tuna to distinguish it from bullet tuna in our catalog. Processing, size, quality and packaging requirements are discussed according to your intended use.
Ghi rõ tên cá tráo mắt to, kích cỡ cùng đơn vị phân cỡ và khối lượng cần mua. Nếu dùng làm nguyên liệu, hãy mô tả thêm yêu cầu xử lý để cùng làm rõ quy cách.	Specify bigeye scad, the size and grading unit, and the quantity required. If it is intended for further processing, describe your processing requirements as well.
Ghi rõ đơn vị tính cho kích cỡ, khối lượng và số lượng để tránh cách hiểu khác nhau.	State size, weight and quantity units clearly to avoid misunderstandings.
Ghi tên sản phẩm và dạng hàng mong muốn. Có thể gửi ảnh tham khảo để làm rõ yêu cầu.	State the product name and desired form. Reference photos can help clarify your requirements.
Giới thiệu mặt hàng, nguồn gốc, khả năng cung ứng và hồ sơ doanh nghiệp để trao đổi mức độ phù hợp.	Introduce your products, origin, supply availability and company profile so we can discuss suitability.
Giữ đầu mối trao đổi trong quá trình triển khai giao dịch.	Maintain a clear point of contact throughout the transaction.
Gửi mặt hàng, quy cách, khối lượng, điểm giao và thời gian cần hàng. Giá và lịch thực hiện được trao đổi theo nhu cầu cụ thể, sau khi làm rõ thông tin.	Send the product name, specifications, quantity, destination and required delivery date. Pricing and timing are discussed after your requirements have been clarified.
Gửi thông tin về mặt hàng hoặc cơ hội hợp tác để MAI KỲ HÀ trao đổi cùng bạn.	Share your product requirements or partnership opportunity with MAI KỲ HÀ.
Gửi tên hàng, quy cách, khối lượng, địa điểm giao và thời gian dự kiến để MAI KỲ HÀ xem xét, trao đổi phương án.	Send the product name, specifications, quantity, destination and expected timing so MAI KỲ HÀ can review and discuss an appropriate approach.
Gửi tên mặt hàng kèm kích cỡ, dạng xử lý và hình ảnh tham khảo nếu có. Thông tin về khối lượng, đóng gói và lịch giao giúp việc trao đổi phương án sát nhu cầu hơn.	Send the product name, size, processing requirements and reference photos if available. Quantity, packaging and delivery timing help us understand your needs.
Hoạt động gặp gỡ giúp hai bên hiểu nhau hơn trước khi đi vào phương án hợp tác.	Meetings help both parties understand each other before discussing a partnership.
Hãy ghi rõ cá ngừ ồ khi gửi yêu cầu để phân biệt với các dòng cá ngừ khác trong danh mục. Bổ sung kích cỡ, dạng xử lý, mục đích sử dụng và khối lượng dự kiến.	Specify bullet tuna in your inquiry to distinguish it from other tuna products. Include the size, processing requirements, intended use and estimated quantity.
Hình ảnh các công đoạn xử lý, phân loại và chuẩn bị hàng thủy sản theo quy cách.	Photos of processing, sorting and preparing seafood to the required specifications.
Hình ảnh công ty tham gia triển lãm và gặp gỡ các đơn vị trong ngành.	Photos of the company attending exhibitions and meeting industry businesses.
Hình ảnh giúp nhận diện sản phẩm nhưng không thể hiện đầy đủ kích cỡ, khối lượng, dạng xử lý hay điều kiện bảo quản. Cần xác nhận các nội dung này bằng thông tin cụ thể cho đơn hàng.	Photos help identify a product, but do not fully describe size, weight, processing or storage conditions. These details should be confirmed in writing for each order.
Hình ảnh là cơ sở tham khảo ban đầu. Thông tin của lô hàng được xác nhận khi trao đổi.	Photos provide an initial reference. Shipment details are confirmed during the inquiry process.
Hình ảnh thành phẩm được sắp xếp trong khu vực lưu kho trước khi giao hàng.	Photos of finished products arranged in storage before delivery.
Hình ảnh thùng thành phẩm được đóng xếp vào container theo kế hoạch giao hàng.	Photos of packed products being loaded into a container according to the delivery plan.
Hình ảnh xưởng xử lý, kho thành phẩm và lô hàng chuẩn bị giao cho đối tác.	Photos of processing areas, finished product storage and shipments being prepared for partners.
Khi hỏi hàng cá chẽm, hãy nêu kích cỡ mong muốn, dạng nguyên con hoặc yêu cầu xử lý, cùng khối lượng và cách đóng gói. Ảnh bên dưới giúp bạn đối chiếu mặt hàng trước khi trao đổi.	For barramundi inquiries, specify your preferred size, whole-fish or processing requirements, quantity and packaging. The photos below provide a reference for identifying the product.
Khám phá các mặt hàng thủy sản MAI KỲ HÀ đang tiếp nhận giao dịch.	Explore the seafood products available for inquiry at MAI KỲ HÀ.
Khám phá hình ảnh từng dòng sản phẩm để trao đổi nhu cầu bằng những thông tin cụ thể: mặt hàng, dạng xử lý và quy cách mong muốn.	Browse photos of each product range to discuss specific needs: the product, processing requirements and preferred specifications.
Khối lượng, giá, phạm vi chi phí, lịch giao, địa điểm, phương thức thanh toán và trách nhiệm mỗi bên.	Quantity, pricing, cost coverage, delivery schedule, destination, payment method and each party's responsibilities.
Khối lượng, đơn vị tính, nhu cầu một lần hay định kỳ và thời gian cần hàng.	Quantity, units, whether the requirement is one-off or recurring, and the required delivery date.
Kiểm tra bản trao đổi cuối cùng có đủ: tên hàng, quy cách, khối lượng, giá và phạm vi chi phí, thanh toán, điểm giao, lịch thực hiện, tiêu chí nghiệm thu và hồ sơ đi kèm.	Check that the final agreement covers the product, specifications, quantity, pricing and cost coverage, payment, destination, schedule, acceptance criteria and supporting documents.
Kết nối nguồn hàng thủy sản Việt Nam với nhu cầu của đối tác, hướng đến những cơ hội hợp tác trên thị trường quốc tế.	Connecting Vietnamese seafood supply with our partners' needs and pursuing opportunities in international markets.
Kết nối đại dương, phủ sóng toàn cầu — định hướng của MAI KỲ HÀ trong thương mại và xuất nhập khẩu thủy sản từ Đà Nẵng.	Connecting oceans, reaching the world — the guiding vision behind MAI KỲ HÀ's seafood trading, import and export business in Da Nang.
Làm rõ dạng sản phẩm, phân loại, kích cỡ và cách đóng gói phù hợp với mục đích sử dụng của đối tác.	Clarify product form, grading, size and packaging to suit the partner's intended use.
Làm rõ giá áp dụng, phạm vi chi phí, thời hạn và phương thức thanh toán.	Clarify the applicable price, included costs, payment deadlines and payment method.
Làm rõ mặt hàng, quy cách và các yêu cầu quan trọng trước khi trao đổi phương án.	Clarify the product, specifications and key requirements before discussing a solution.
Lựa chọn mặt hàng và gửi thông tin để xác nhận quy cách, khối lượng cùng khả năng cung ứng tại thời điểm giao dịch.	Choose a product and send your requirements to confirm specifications, quantity and availability at the time of inquiry.
MAI KỲ HÀ tiếp nhận nhu cầu mua bán thủy sản theo từng mặt hàng, quy cách, khối lượng và điều kiện giao dịch. Chúng tôi làm rõ những thông tin cần thiết để trao đổi phương án phù hợp với từng đối tác.	MAI KỲ HÀ welcomes seafood buying and selling inquiries based on the product, specifications, quantity and trading terms. We clarify the details needed to discuss a suitable approach with each partner.
MAI KỲ HÀ — Kết nối đại dương, phủ sóng toàn cầu. Thương mại và xuất nhập khẩu thủy sản tại Đà Nẵng. Khám phá sản phẩm và cơ hội hợp tác.	MAI KỲ HÀ — Connecting oceans, reaching the world. Seafood trading, import and export in Da Nang, Vietnam. Explore our products and partnership opportunities.
Mặt hàng được giới thiệu cho nhu cầu nguyên liệu đóng hộp. Khi hỏi hàng, hãy mô tả yêu cầu xử lý, phân cỡ và quy cách đóng gói; các tiêu chí cụ thể cần được thống nhất theo đơn hàng.	This product is offered for canning-material inquiries. Describe your processing, grading and packaging requirements; detailed criteria are agreed on for each order.
Mặt hàng được giới thiệu dưới tên cá nục tròn / cá nục gai. Nếu cần dạng cắt đầu cho nhu cầu nguyên liệu, hãy nêu rõ yêu cầu xử lý hoặc tham khảo mặt hàng HGT trong danh mục.	This product is listed as round scad. If you require a head-cut product for processing, specify that requirement or see the HGT product in our catalog.
Mọi ví dụ đơn vị chỉ giúp mô tả yêu cầu, không phải quy cách cung ứng mặc định của MAI KỲ HÀ.	The example units help describe your requirements; they are not standard supply specifications offered by MAI KỲ HÀ.
Mở từng sản phẩm để xem thêm ảnh, đối chiếu dạng hàng và chuẩn bị câu hỏi cụ thể.	Open each product page to view more photos, check the product form and prepare specific questions.
Những nội dung chưa thống nhất nên được làm rõ bằng văn bản với đầu mối phụ trách trước khi triển khai.	Any outstanding points should be clarified in writing with the responsible contact before proceeding.
Nêu kích cỡ, cách xử lý, đóng gói và khối lượng mong muốn để việc trao đổi sát nhu cầu hơn.	Specify your preferred size, processing, packaging and quantity so the discussion can focus on your needs.
Nêu kích cỡ, cách xử lý, đóng gói và những tiêu chí quan trọng với đơn hàng của bạn.	Describe the size, processing, packaging and other criteria that matter to your order.
Nêu rõ dạng nguyên con hoặc yêu cầu xử lý, kích cỡ và mục đích sử dụng. MAI KỲ HÀ tiếp nhận thông tin để trao đổi khả năng đáp ứng, đóng gói và lịch giao theo nhu cầu.	Specify whole-fish or processing requirements, size and intended use. MAI KỲ HÀ will discuss availability, packaging and delivery timing based on your needs.
Nêu thị trường giao dịch, tiêu chí chất lượng và danh mục hồ sơ bên mua yêu cầu. Các thông tin về nguồn gốc, bảo quản và chứng từ cần được xác nhận cho lô hàng trước khi thống nhất giao dịch.	Specify the intended market, quality criteria and documents required by the buyer. Origin, storage and documentation should be confirmed for the shipment before agreeing on the transaction.
Nêu yêu cầu nguyên con hoặc xử lý, kích cỡ và đơn vị phân cỡ bạn cần.	Specify whole-fish or processed form, the size and the grading unit you need.
Nếu chưa xác định được một thông tin, hãy ghi “cần trao đổi thêm” thay vì bỏ trống hoặc tự ước lượng.	If a detail is not yet known, write “to be discussed” rather than leaving it blank or making an estimate.
Phân biệt rõ kích cỡ theo gram/con, con/kg hoặc cách phân cỡ khác; khối lượng theo kg hoặc tấn; đóng gói theo kg/kiện. Nếu có yêu cầu về khối lượng tịnh và khối lượng cả bao bì, hãy ghi riêng từng mục.	Distinguish size in grams per fish, pieces per kilogram or another grading system; quantity in kilograms or tonnes; and packaging in kilograms per carton. If net and gross weights are required, state them separately.
Quy cách thùng, khối lượng, thông tin nhãn, nguồn gốc và các chứng từ đối tác yêu cầu.	Carton specifications, weight, labeling information, origin and any documents required by the partner.
Slogan thể hiện khát vọng đưa thủy sản Việt Nam đến gần hơn với các thị trường quốc tế. MAI KỲ HÀ theo đuổi định hướng đó bằng sự chú trọng vào chất lượng sản phẩm, thông tin rõ ràng và quan hệ hợp tác lâu dài.	Our slogan expresses the ambition to bring Vietnamese seafood closer to international markets. MAI KỲ HÀ pursues this vision through attention to product quality, clear communication and long-term partnerships.
Sản phẩm cá nục gai cắt đầu được giới thiệu cho nhu cầu nguyên liệu đóng hộp. Quy cách xử lý chi tiết cần được thống nhất theo đơn hàng.	Head-cut scad is introduced for canning-material inquiries. Detailed processing specifications must be agreed on for each order.
Sản phẩm, lô hàng và các hoạt động kết nối của MAI KỲ HÀ.	Products, shipments and partnership activities at MAI KỲ HÀ.
Sản phẩm: … / Dạng xử lý: … / Kích cỡ và đơn vị: … / Khối lượng: … / Đóng gói: … / Điểm giao: … / Thời gian cần hàng: … / Hồ sơ yêu cầu: …	Product: … / Processing: … / Size and unit: … / Quantity: … / Packaging: … / Destination: … / Required delivery date: … / Required documents: …
Sử dụng bộ lọc để tìm nhóm cá ngừ, cá nục – bạc má – cá sòng, các loại cá khác hoặc mực.	Use the filters to browse tuna, scad and mackerel, other fish, or squid.
Tham khảo ảnh thực tế và gửi yêu cầu theo tên mặt hàng trong danh mục. Hãy ghi rõ đơn vị kích cỡ, khối lượng, đóng gói và điểm giao dự kiến để thuận tiện đối chiếu.	Refer to the actual photos and use the product name in the catalog when inquiring. State size units, quantity, packaging and the planned destination clearly.
Thông qua các hoạt động tại hội chợ, MAI KỲ HÀ có cơ hội tìm hiểu sản phẩm, tiếp xúc với doanh nghiệp và trao đổi nhu cầu hợp tác trong lĩnh vực thủy sản.	Exhibitions give MAI KỲ HÀ opportunities to explore products, meet businesses and discuss seafood partnership needs.
Thống nhất mặt hàng, quy cách, khối lượng và yêu cầu chất lượng cho đơn hàng cụ thể.	Agree on the product, specifications, quantity and quality requirements for the specific order.
Thống nhất đầu mối làm việc, nhu cầu và các mốc triển khai để phối hợp xuyên suốt quá trình giao dịch.	Agree on contacts, requirements and milestones to coordinate throughout the transaction.
Tiếp nhận nhu cầu mua hàng, giới thiệu nguồn cung và hợp tác theo từng thị trường, từng đơn hàng.	Welcoming buying inquiries, supplier introductions and partnerships for specific markets and orders.
Tiếp tục trao đổi thông tin và làm rõ khả năng phối hợp cho các yêu cầu cụ thể.	Continue exchanging information and clarify opportunities to work together on specific requirements.
Trao đổi các chứng từ cần thiết cho lô hàng và thị trường dự kiến trước khi thực hiện.	Discuss the documents required for the shipment and intended market before proceeding.
Trao đổi danh mục thủy sản và những dòng hàng đối tác đang quan tâm.	Discuss our seafood range and the products that interest our partners.
Trao đổi khối lượng mỗi kiện, cách đóng gói, nhãn và thông tin cần thể hiện.	Discuss pack weight, packing method, labels and the information to be displayed.
Trao đổi thông tin sản phẩm, khối lượng, đóng gói và điều kiện giao nhận.	Discuss product information, quantity, packaging and delivery terms.
Trao đổi yêu cầu về dạng hàng, đóng gói và nhu cầu sử dụng của đối tác.	Discuss product form, packaging and the partner's intended use.
Trao đổi điều kiện bảo quản, khối lượng mỗi kiện và yêu cầu nhãn phù hợp.	Discuss appropriate storage conditions, pack weights and labeling requirements.
Trao đổi điều kiện lưu giữ, yêu cầu nhiệt độ và thông tin theo dõi phù hợp với sản phẩm và lô hàng.	Discuss storage conditions, temperature requirements and monitoring information appropriate to the product and shipment.
Tên cá hoặc mực, dạng xử lý và kích cỡ mong muốn. Nếu chưa rõ tên, có thể mô tả hoặc gửi ảnh qua email.	The fish or squid name, processing requirements and preferred size. If you are unsure of the name, describe the product or email a photo.
Tên hàng, dạng xử lý, kích cỡ, yêu cầu cảm quan, bảo quản và tiêu chí nghiệm thu.	Product name, processing, size, appearance criteria, storage requirements and acceptance criteria.
Tìm hiểu hoạt động thực tế qua hình ảnh khu vực xử lý, lưu kho thành phẩm và đóng hàng.	Explore our operations through photos of processing areas, finished product storage and loading.
Tìm hiểu quy cách, mục đích sử dụng và nhu cầu thị trường.	Understand specifications, intended use and market demand.
Với mực xà đen, cần làm rõ dạng hàng, mức độ xử lý, kích cỡ và quy cách đóng gói. Bạn có thể gửi ảnh tham khảo kèm yêu cầu để hai bên thống nhất đúng sản phẩm.	For black squid, clarify the product form, processing level, size and packaging. Send reference photos with your requirements to help identify the right product.
Xem ảnh thực tế và mô tả kích cỡ, dạng hàng bạn cần. Khi có yêu cầu riêng về xử lý, phân loại hoặc đóng kiện, hãy đưa vào nội dung hỏi hàng để được trao đổi cụ thể.	Review the actual photos and describe the size and product form you need. Include any special processing, grading or packing requirements in your inquiry.
Xác nhận khối lượng, nguồn gốc, hồ sơ và lịch giao dự kiến trước khi thống nhất.	Confirm quantity, origin, documentation and the planned delivery schedule before agreeing on the order.
Xác nhận thời gian, địa điểm, điều kiện giao nhận và đầu mối phối hợp.	Confirm timing, destination, delivery terms and the coordination contact.
Xác định hàng nguyên con hay đã xử lý và các yêu cầu cụ thể. Tên mặt hàng chưa thể hiện đầy đủ quy cách.	Specify whole-fish or processed form and your detailed requirements. The product name alone does not define the full specifications.
Yêu cầu xử lý, chất lượng, đóng gói và chứng từ.	Processing, quality, packaging and documentation requirements.
×	×
Địa điểm, thị trường dự kiến cùng các yêu cầu đóng gói, nhãn và hồ sơ cần trao đổi.	The destination, intended market, and any packaging, labeling or documentation requirements to be discussed.
Đối chiếu hình ảnh và ghi rõ cá nục đuôi đỏ trong nội dung hỏi hàng. Kích cỡ, mức độ xử lý, khối lượng và đóng gói là các thông tin cần làm rõ trước khi trao đổi giá.	Refer to the photos and specify redtail scad in your inquiry. Size, processing, quantity and packaging should be clarified before discussing pricing.
Đối chiếu mặt hàng, số kiện, bao bì, nhãn và hồ sơ đã thống nhất trước khi phối hợp giao nhận.	Check the product, carton count, packaging, labels and agreed documentation before coordinating delivery.
Đối chiếu thông tin báo giá với yêu cầu đã gửi trước khi thống nhất đơn hàng.	Compare the quotation with your original requirements before confirming the order.
Độ tươi, cảm quan và điều kiện bảo quản là những nội dung cần làm rõ cùng quy cách. Hình ảnh thực tế giúp đối tác có thêm cơ sở trao đổi.	Freshness, appearance and storage conditions should be clarified alongside the specifications. Actual product photos provide an additional reference for discussions.
Ảnh thực tế giúp bạn có cơ sở ban đầu để trao đổi về mặt hàng cá sòng. Quy cách, cách phân cỡ, đóng gói và điều kiện bảo quản được xác nhận riêng theo nhu cầu.	Actual photos provide an initial reference for horse mackerel inquiries. Specifications, grading, packaging and storage conditions are confirmed according to your requirements.
Ảnh trong danh mục là ảnh thực tế do công ty cung cấp. Quy cách và khả năng cung ứng được xác nhận khi hỏi hàng.	The catalog uses actual photos supplied by the company. Specifications and availability are confirmed when you inquire.
Cá ngừ vây vàng thực tế	Actual yellowfin tuna
CÁ NGỪ VÂY VÀNG	YELLOWFIN TUNA
Xem cá ngừ vây vàng	View yellowfin tuna
Mực xà đen thực tế	Actual black squid
MỰC XÀ ĐEN	BLACK SQUID
Xem mực xà đen	View black squid
XỬ LÝ SẢN PHẨM	PRODUCT PROCESSING
Xem khu vực xử lý	View the processing area
Container lạnh vận chuyển hàng	Refrigerated container for shipment
CONTAINER LẠNH	REEFER CONTAINER
Xem container vận chuyển	View container shipping
Gặp gỡ đối tác tại hội chợ	Meeting partners at an exhibition
KẾT NỐI TẠI HỘI CHỢ	EXHIBITION NETWORKING
Xem hoạt động hội chợ	View exhibition activities
